<?xml version="1.0" encoding="UTF-8"?>
<beans xmlns="http://www.springframework.org/schema/beans"
       xmlns:xsi="http://www.w3.org/2001/XMLSchema-instance"
       xmlns:p="http://www.springframework.org/schema/p"
       xmlns:mvc="http://www.springframework.org/schema/mvc"
       xmlns:context="http://www.springframework.org/schema/context"
       xmlns:util="http://www.springframework.org/schema/util"
       xmlns:cache="http://www.springframework.org/schema/cache"
       xsi:schemaLocation="
            http://www.springframework.org/schema/beans http://www.springframework.org/schema/beans/spring-beans.xsd
            http://www.springframework.org/schema/context http://www.springframework.org/schema/context/spring-context.xsd  
            http://www.springframework.org/schema/mvc http://www.springframework.org/schema/mvc/spring-mvc.xsd              
            http://www.springframework.org/schema/util http://www.springframework.org/schema/util/spring-util.xsd
            http://www.springframework.org/schema/cache http://www.springframework.org/schema/cache/spring-cache.xsd">

    <!-- Multipart Resolver -->
    <bean id="multipartResolver"
          class="org.springframework.web.multipart.commons.CommonsMultipartResolver">
        <property name="defaultEncoding" value="utf-8"/>
        <property name="maxUploadSize" value="100000000"/>
    </bean>

    <!-- Conversion Service -->
    <bean id="conversionService"
          class="org.springframework.format.support.FormattingConversionServiceFactoryBean">
        <property name="converters">
            <set>
                <bean class="com.quhaodian.web.converter.DateConverter"/>
            </set>
        </property>
    </bean>

    <!-- Content Negotiation Manager -->
    <bean id="contentNegotiationManager"
          class="org.springframework.web.accept.ContentNegotiationManagerFactoryBean">
        <property name="favorPathExtension" value="false"/>
        <property name="favorParameter" value="false"/>
        <property name="ignoreAcceptHeader" value="false"/>
        <property name="mediaTypes">
            <value>
                atom=application/atom+xml
                html=text/html
                json=application/json
                *=*/*
            </value>
        </property>
    </bean>

    <!-- MVC Configuration -->
    <mvc:annotation-driven content-negotiation-manager="contentNegotiationManager"
                           ignore-default-model-on-redirect="true"
                           conversion-service="conversionService"/>
    <context:component-scan base-package="com.quhaodian.adminstore.controller"/>

    <!-- Cookie-Based Login Configuration -->
    <bean id="webconfig"
          class="com.quhaodian.web.data.common.InitConfig"
          init-method="initWebConfig"
          scope="singleton" lazy-init="false"/>

    <!-- Shiro and Freemarker Integration -->
    <bean id="shiro" class="com.jagregory.shiro.freemarker.ShiroTags"/>
    <bean id="menuOpenDirective" class="com.quhaodian.user.freemaker.MenuOpenDirective"/>
    <bean id="menusDirective" class="com.quhaodian.user.freemaker.MenusDirective"/>
    <bean id="menuchildsDirective" class="com.quhaodian.user.freemaker.MenuChildsDirective"/>
    <bean id="linkTypeDirective" class="com.quhaodian.site.freemaker.LinkTypeDirective"/>
    <bean id="linkDirective" class="com.quhaodian.site.freemaker.LinkDirective"/>

    <!-- Freemarker Configuration -->
    <bean id="freemarkerConfigurer"
          class="org.springframework.web.servlet.view.freemarker.FreeMarkerConfigurer">
        <property name="templateLoaderPaths" value="/WEB-INF/ftl/,classpath:/"/>
        <property name="defaultEncoding" value="UTF-8"/>
        <property name="freemarkerSettings">
            <props>
                <prop key="tag_syntax">square_bracket</prop>
                <prop key="template_update_delay">5</prop>
                <prop key="defaultEncoding">UTF-8</prop>
                <prop key="url_escaping_charset">UTF-8</prop>
                <prop key="locale">zh_CN</prop>
                <prop key="boolean_format">true,false</prop>
                <prop key="datetime_format">yyyy-MM-dd HH:mm:ss</prop>
                <prop key="date_format">yyyy-MM-dd</prop>
                <prop key="time_format">HH:mm:ss</prop>
                <prop key="number_format">0.######</prop>
                <prop key="whitespace_stripping">true</prop>
            </props>
        </property>
        <property name="freemarkerVariables">
            <map>
                <entry key="shiro" value-ref="shiro"/>
                <entry key="menuopentag" value-ref="menuOpenDirective"/>
                <entry key="menustag" value-ref="menusDirective"/>
                <entry key="menuchilds" value-ref="menuchildsDirective"/>
                <entry key="linktype" value-ref="linkTypeDirective"/>
                <entry key="link" value-ref="linkDirective"/>
                <entry key="siteurl" value="#{servletContext.contextPath}/"/>
                <entry key="sitename" value="后台管理"/>
            </map>
        </property>
    </bean>

    <!-- View Resolver Configuration -->
    <bean id="viewResolver"
          class="org.springframework.web.servlet.view.freemarker.FreeMarkerViewResolver">
        <property name="viewClass"
                  value="org.springframework.web.servlet.view.freemarker.FreeMarkerView"/>
        <property name="suffix" value=".html"/>
        <property name="contentType" value="text/html;charset=UTF-8"/>
        <property name="exposeRequestAttributes" value="false"/>
        <property name="exposeSessionAttributes" value="false"/>
        <property name="exposeSpringMacroHelpers" value="true"/>
    </bean>

    <!-- Exception Handling Configuration -->
    <bean class="org.springframework.web.servlet.handler.SimpleMappingExceptionResolver">
        <property name="exceptionMappings">
            <props>
                <prop key="org.apache.shiro.authz.UnauthorizedException">admin/error/403</prop>
            </props>
        </property>
    </bean>

    <!-- Import Other Context Configurations -->
    <import resource="applicationContext.xml"/>
    <import resource="context-shiro.xml"/>
    <import resource="context-activiti.xml"/>

    <!-- Open Session in View Interceptor -->
    <bean id="openSessionInViewInterceptor"
          class="org.springframework.orm.hibernate5.support.OpenSessionInViewInterceptor">
        <property name="sessionFactory" ref="sessionFactory"/>
    </bean>

    <!-- MVC Interceptors -->
    <mvc:interceptors>
        <ref bean="openSessionInViewInterceptor"/>
        <mvc:interceptor>
            <mvc:mapping path="/rest/**"/>
            <bean class="com.quhaodian.adminstore.web.interceptor.AppInterceptor"/>
        </mvc:interceptor>
        <mvc:interceptor>
            <mvc:mapping path="/rest/**"/>
            <bean class="com.quhaodian.adminstore.web.interceptor.UserTokenInterceptor"/>
        </mvc:interceptor>
    </mvc:interceptors>

    <!-- MVC View Controller -->
    <mvc:view-controller path="demo" view-name="/theme/default/login"/>

</beans>